temperature,vibration,pressure,fault,fault_type
33.523585398772155,0.48529293182586414,104.68787274399467,0,normal
26.80007946879752,0.6614189712675369,110.03740930656858,0,normal
35.752255979032284,0.48759228303855034,103.45292453450872,0,normal
36.70282358195607,0.6024391346890441,106.21969396638428,0,normal
22.24482405673082,0.4269701435989629,92.74913949484488,0,normal
25.48910246568841,0.5034290564238989,102.75640799034942,0,normal
32.63920201583643,0.42524768423438897,98.78384864853564,0,normal
30.41878703828209,0.489401527030441,96.90593469788186,0,normal
31.915994212478555,0.6132323544330265,98.60923816535625,0,normal
27.7347803621321,0.3436313555648034,101.32938279649593,0,normal
36.396989874314144,0.5706144825723151,107.57951271178007,0,normal
35.88895967714474,0.5499622382448891,96.36803641130219,0,normal
32.33015348780608,0.4626142546518366,103.15315746297209,0,normal
37.636206034840164,0.3731639252892122,100.5791528333321,0,normal
34.33754671126023,0.5325735983099563,101.3616345281902,0,normal
27.70353768558381,0.46940326554830075,108.01378912652302,0,normal
33.843753920412496,0.549431002192244,105.69057718501963,0,normal
62.08427751921085,0.7467910546491109,126.2467540731549,1,erratic
36.39225150653636,0.6931867835886961,102.2274716037505,0,normal
31.750370445068736,0.4998676591153325,99.52028694164649,0,normal
31.075688182273698,0.41753276327470423,101.8807059155975,1,freeze
31.075688182273698,0.5438239416704133,104.21248395635611,1,freeze
31.075688182273698,1.3480996518170354,133.88286679226854,1,freeze
27.26266703217051,1.2533382421339057,112.59543941345837,1,erratic
31.075688182273698,0.6126866808210307,103.45244890813937,1,freeze
30.239332247558853,0.5624714612106985,104.14114165069452,0,normal
34.661545927766745,0.6786468035780541,115.5873701876696,0,normal
33.82722032182039,0.40017987929610066,112.38422305640835,0,normal
34.063663057979944,0.45782608906127653,98.7337832472059,0,normal
53.945783706936474,-0.16144228540501293,117.21009004060735,1,erratic
42.70823800435231,0.4840699706686444,95.68278999081498,0,normal
29.96792491807692,0.38044795450658764,100.04646493018257,0,normal
29.438786354642314,0.5916908494155125,104.5780250179517,0,normal
67.93113635876061,1.3016666168046287,139.02926810444117,1,spike
35.079897112877475,0.37056533907722095,99.35458081128196,0,normal
37.64486146360446,0.41836419647320816,99.72926779966102,0,normal
106.0764948199245,1.9466248984711174,131.04528842989825,1,erratic
27.79921761518736,0.6130032896289102,102.18667039727546,0,normal
27.877593921543802,0.7346567436276377,97.68792794070218,0,normal
35.252963939123504,0.8309555589307697,100.35280286316963,0,normal
35.71627085601721,0.5685129904939796,98.61569610916206,0,normal
34.71577134152597,0.4210984973966543,102.52868722873721,0,normal
28.672451463556527,0.30113514052321255,94.21135804321685,0,normal
33.1608066153336,0.5531097035461028,95.66477377304504,0,normal
32.58342904570364,0.4396411849924158,113.64623556014149,0,normal
33.09344298364506,0.4813874876811331,96.56288709362984,0,normal
36.35714388974095,0.46072983609872015,97.5160721077268,0,normal
33.11797774387341,0.5102169569262796,112.18456764160658,0,normal
35.39456781535947,0.6369279242327027,117.52533584620204,0,normal
32.33789534744446,0.5414900995817612,97.14216685587328,0,normal
73.44559699344993,1.3083433421109378,131.15875521605983,1,spike
35.1564411291927,0.4162563559532898,104.70777775470255,0,normal
24.714220900721667,0.34915829080604255,111.64348822202797,0,normal
30.401643918213495,0.47393766954730027,98.06571460785881,0,normal
29.648136728536024,0.5193528321640764,101.77361077028945,0,normal
28.80561075878329,0.7106326409258877,106.88668788030873,0,normal
30.624288743866583,0.5386788247546531,105.1738303723331,0,normal
39.47470655617198,0.628187648657421,101.1192196438495,0,normal
67.67084442153379,1.2725739621533891,132.3308851774198,1,spike
36.84139177295741,0.4005809045262124,96.12552095815009,0,normal
23.585651141920977,0.42366273996560094,101.80913128012668,0,normal
30.325574850071124,0.4488512632237459,101.66806254995522,0,normal
32.813765325525026,0.7484893219056923,104.16084944813127,0,normal
34.93111165679639,0.43875439868143945,100.22336390590492,0,normal
35.55613289896427,0.6130413663923163,105.3576926127257,0,normal
35.96673617599963,0.43019264630086224,108.06357908909914,0,normal
30.256374638757812,0.6228151663517957,103.77714663834233,0,normal
23.756821965982994,0.5986927593707181,90.81030557599047,1,erratic
36.28987940628577,0.5085530207459005,103.26577673788934,0,normal
31.043478375591924,0.5207199347557795,103.00042196545706,0,normal
25.62156838331039,0.456247291979914,99.39220983228576,0,normal
26.333563929982596,0.5718375811556184,104.58247130836654,0,normal
27.402738569991943,0.47722673456421816,102.51356700793255,0,normal
34.48580372026882,0.396311394804439,113.46584154465297,0,normal
32.712128680352826,0.39081655469643994,110.86677451237621,0,normal
35.45242677033884,0.5431217313608225,104.9292327627825,0,normal
29.863736768317327,0.6908045819230958,99.18471395152616,0,normal
32.79269845538357,0.541799119425211,97.43794264008291,0,normal
35.12795196983669,0.5125429757584623,108.95571476544433,0,normal
30.453267301398807,0.5550117446582671,104.31374612573569,0,normal
34.28387618778706,0.6621301828792167,105.40071701695805,0,normal
28.690370294666742,0.548035162643205,94.27707006512904,0,normal
30.184730767174642,0.4818526407624576,107.6371924077909,0,normal
30.091310530008354,0.6411603145562883,105.27210169107181,0,normal
26.020801772054803,0.5700194260384694,97.4478465779276,0,normal
34.43486240392791,0.6862543791595792,100.64237596275025,0,normal
29.65298829898638,0.5442396159083002,104.3185860217826,0,normal
32.06247059363844,0.3964307516693475,103.26233399178122,0,normal
34.403733294529545,0.38134328407920515,101.53914407098223,0,normal
34.23265588014972,0.6983474328842812,102.48255865967019,0,normal
35.32692554486393,0.7059849006822463,101.74011310896557,0,normal
31.507572577452883,0.5061504826053269,103.76281256051234,0,normal
29.88350843977923,0.4847653312807213,110.35745986496579,0,normal
31.601408945468005,0.6784516506854312,90.16670779534351,0,normal
23.56332783020985,0.4087602033854338,101.81574867745158,0,normal
24.764437637884562,0.4310536630096382,103.88256210686224,0,normal
25.386501938227987,0.5925493134423496,104.4799699484355,0,normal
27.013765861992592,0.4835664620997431,101.14042709339355,0,normal
33.998871133617186,0.5244622039943925,94.2163910876071,0,normal
27.472604723199694,0.5078384956549262,104.63997741857055,0,normal
